{
  "parent": "item/handheld",
  "textures": {
    "layer0": "item/golden_hoe"
  },
  "overrides": [
    { "predicate": { "damaged": 0, "damage": 0 }, "model": "item/golden_hoe" },
    { "predicate": { "damaged": 0, "damage": 0.030303030303030304 }, "model": "item/custom/slime_bucket" },
    { "predicate": { "damaged": 0, "damage": 0.06060606060606061  }, "model": "item/custom/slime_bucket_jumping" },
    { "predicate": { "damaged": 0, "damage": 0.09090909090909091  }, "model": "item/custom/gareth_bucket" },
    { "predicate": { "damaged": 0, "damage": 0.12121212121212122  }, "model": "item/custom/gareth_bucket_jumping" },
    { "predicate": { "damaged": 1, "damage": 0 }, "model": "item/golden_hoe" }
  ]
}
