{"bucket":{"spooncraftadditions:item/slime_bucket":2,"spooncraftadditions:item/slime_bucket_jumping":3},"music_disc_cat":{"spooncraftadditions:item/music_disc_cactus_string_sand":2,"spooncraftadditions:item/music_disc_corridor":3,"spooncraftadditions:item/music_disc_diabolical":4,"spooncraftadditions:item/music_disc_dibby_dibby_diamonds":5,"spooncraftadditions:item/music_disc_keralis_and_xisuma_no_no_no":6,"spooncraftadditions:item/music_disc_more_doors_for_me":7,"spooncraftadditions:item/music_disc_mumbo_afk":8,"spooncraftadditions:item/music_disc_mumbo_no_no_no":9,"spooncraftadditions:item/music_disc_nether_wart":10,"spooncraftadditions:item/music_disc_outro_time":11,"spooncraftadditions:item/music_disc_pickles":12,"spooncraftadditions:item/music_disc_placing_slabs":13,"spooncraftadditions:item/music_disc_resource_gathering":14,"spooncraftadditions:item/music_disc_shift_click":15,"spooncraftadditions:item/music_disc_stupid":16,"spooncraftadditions:item/music_disc_sugarcane":17,"spooncraftadditions:item/music_disc_the_super_weapon":18,"spooncraftadditions:item/music_disc_tiny_timelapse":19,"spooncraftadditions:item/music_disc_water_source":20},"netherite_shovel":{"spooncraftadditions:item/spooncraft_spoon":2},"structure_void":{"polydex:sgui/elements/back":2,"polydex:sgui/elements/next_page":3,"polydex:sgui/elements/previous_page":4,"polydex:sgui/elements/flame":5,"polydex:sgui/elements/xp":6,"polydex:sgui/elements/page":7}}