{"parent":"minecraft:item/template_music_disc","textures":{"layer0":"minecraft:item/music_disc_cat"},"overrides":[{"model":"spooncraftadditions:item/music_disc_cactus_string_sand","predicate":{"custom_model_data":2}},{"model":"spooncraftadditions:item/music_disc_corridor","predicate":{"custom_model_data":3}},{"model":"spooncraftadditions:item/music_disc_diabolical","predicate":{"custom_model_data":4}},{"model":"spooncraftadditions:item/music_disc_dibby_dibby_diamonds","predicate":{"custom_model_data":5}},{"model":"spooncraftadditions:item/music_disc_keralis_and_xisuma_no_no_no","predicate":{"custom_model_data":6}},{"model":"spooncraftadditions:item/music_disc_more_doors_for_me","predicate":{"custom_model_data":7}},{"model":"spooncraftadditions:item/music_disc_mumbo_afk","predicate":{"custom_model_data":8}},{"model":"spooncraftadditions:item/music_disc_mumbo_no_no_no","predicate":{"custom_model_data":9}},{"model":"spooncraftadditions:item/music_disc_nether_wart","predicate":{"custom_model_data":10}},{"model":"spooncraftadditions:item/music_disc_outro_time","predicate":{"custom_model_data":11}},{"model":"spooncraftadditions:item/music_disc_pickles","predicate":{"custom_model_data":12}},{"model":"spooncraftadditions:item/music_disc_placing_slabs","predicate":{"custom_model_data":13}},{"model":"spooncraftadditions:item/music_disc_resource_gathering","predicate":{"custom_model_data":14}},{"model":"spooncraftadditions:item/music_disc_shift_click","predicate":{"custom_model_data":15}},{"model":"spooncraftadditions:item/music_disc_stupid","predicate":{"custom_model_data":16}},{"model":"spooncraftadditions:item/music_disc_sugarcane","predicate":{"custom_model_data":17}},{"model":"spooncraftadditions:item/music_disc_the_super_weapon","predicate":{"custom_model_data":18}},{"model":"spooncraftadditions:item/music_disc_tiny_timelapse","predicate":{"custom_model_data":19}},{"model":"spooncraftadditions:item/music_disc_water_source","predicate":{"custom_model_data":20}}]}